Country Code,Country,Sex,Year,Observed Percentage,Observed Persons,Vaping Observed Percentage,Vaping Observed Persons
DEU,Germany,Total,2003,24.3,17069614.7,0,0
SVN,Slovenia,Male,2019,19.3,170553.907,2.1,18557.679
CRI,Costa Rica,Female,2000,6.1,80320.652,0,0
DNK,Denmark,Male,2017,18.5,439216.27,2.9,68850.118
DEU,Germany,Total,2005,23.2,16398260.42,0,0
DNK,Denmark,Male,2021,15.2,368538.896,2.7,65464.146
DEU,Germany,Total,2009,21.9,15509894.92,0,0
CRI,Costa Rica,Female,2022,3.8,77758.108,2.8,57295.448
DEU,Germany,Total,2013,20.9,14626434.04,0,0
LUX,Luxembourg,Male,2019,17.6,45926.32,2.3,6001.735
DEU,Germany,Total,2017,18.8,13450805.17,0,0
AUS,Australia,Male,2016,14,1351767.06,1.3,125521.227
DEU,Germany,Total,2021,14.6,10461441.66,0,0
AUS,Australia,Male,2019,12.4,1258083.416,2.7,273937.518
FIN,Finland,Female,2000,20.3,444558.226,0,0
ISR,Israel,Female,2017,12.8,408539.776,0,0
CRI,Costa Rica,Female,2006,8.6,132773.766,0,0
ISR,Israel,Female,2019,11.4,378358.704,0.4,13275.744
FIN,Finland,Female,2001,19.7,432877.162,0,0
CAN,Canada,Female,2015,11.3,1712514.096,2.6,394029.792
CRI,Costa Rica,Female,2007,8.7,137423.808,0,0
CAN,Canada,Female,2017,10,1551426,2.5,387856.5
FIN,Finland,Female,2002,19.9,438686.147,0,0
CAN,Canada,Female,2019,8.7,1390265.568,3.6,575282.304
CRI,Costa Rica,Female,2008,8.9,143779.411,0,0
CAN,Canada,Female,2020,7.6,1228831.84,2.9,468896.36
FIN,Finland,Female,2003,19.3,426927.194,0,0
CAN,Canada,Female,2021,7.9,1286513.42,3.5,569974.3
CRI,Costa Rica,Female,2009,9.1,150209.15,0,0
BEL,Belgium,Total,2018,15.4,1458891.434,4.1,388406.161
FIN,Finland,Female,2004,19.5,433220.97,0,0
CRI,Costa Rica,Female,2010,9.3,156809.439,0,0
FIN,Finland,Female,2005,18.2,406406.546,0,0
CRI,Costa Rica,Female,2011,8.4,144555.18,0,0
FIN,Finland,Female,2006,18.9,424411.974,0,0
SWE,Sweden,Female,2018,9.2,385039.596,1.5,62778.195
CRI,Costa Rica,Female,2012,7.5,131562.6,0,0
SWE,Sweden,Female,2020,8.7,369975.591,0.8,34020.744
FIN,Finland,Female,2007,16.6,374974.744,0,0
SWE,Sweden,Female,2021,9.1,389615.681,0.8,34251.928
CRI,Costa Rica,Female,2013,6.6,117906.03,0,0
FIN,Finland,Female,2008,17.6,399911.952,0,0
KOR,South Korea,Female,2019,4.4,997507.412,1,226706.23
CRI,Costa Rica,Female,2014,5.8,105449.22,0,0
KOR,South Korea,Female,2020,3.9,888211.194,0.8,182197.168
FIN,Finland,Female,2009,16,365642.72,0,0
KOR,South Korea,Female,2021,4.5,1029077.82,0.9,205815.564
CRI,Costa Rica,Female,2015,5.8,107335.38,0,0
KOR,South Korea,Male,2019,28.5,6442096.68,4.3,971965.464
FIN,Finland,Female,2010,15.7,360682.066,0,0
KOR,South Korea,Male,2020,27.8,6313128.41,4.3,976491.085
CRI,Costa Rica,Female,2016,5.9,111052.691,0,0
KOR,South Korea,Male,2021,26.3,5996816.329,4.2,957666.486
FIN,Finland,Female,2011,14.8,341639.796,0,0
CRI,Costa Rica,Female,2017,5.6,107040.192,0,0
FIN,Finland,Female,2012,14,324669.66,0,0
CRI,Costa Rica,Female,2018,5.3,102713.311,0,0
FIN,Finland,Female,2013,13.2,307406.748,0,0
CRI,Costa Rica,Female,2019,4.9,96342.869,0,0
FIN,Finland,Female,2014,14,327259.94,0,0
CRI,Costa Rica,Female,2020,4.6,91692.674,0,0
FIN,Finland,Female,2015,14.5,339990.49,0,0
CRI,Costa Rica,Female,2021,4.3,86851.185,0,0
FIN,Finland,Female,2016,15,352627.65,4.4,103437.444
FIN,Finland,Female,2017,12,282747.72,1.8,42412.158
FIN,Finland,Female,2018,13,306945.73,1.2,28333.452
CAN,Canada,Female,2001,20.2,2585371.74,0,0
FIN,Finland,Female,2019,10,236744.1,1,23674.41
FIN,Finland,Female,2020,11,261279.81,1.2,28503.252
CAN,Canada,Female,2003,17,2233731.66,0,0
SWE,Sweden,Female,2000,21,774771.27,0,0
SWE,Sweden,Female,2001,19.9,737048.837,0,0
CAN,Canada,Female,2005,15.6,2103749.7,0,0
EST,Estonia,Male,2012,36.2,185004.444,1.9,9710.178
SWE,Sweden,Female,2002,16.1,598972.325,0,0
EST,Estonia,Male,2014,31.4,159308.842,7.9,40080.887
SWE,Sweden,Female,2003,16.5,617051.655,0,0
EST,Estonia,Male,2016,29.9,151911.136,6.3,32008.032
CAN,Canada,Female,2007,16.1,2230293.877,0,0
EST,Estonia,Male,2018,23.4,119833.272,5.9,30214.372
SWE,Sweden,Female,2004,14.8,556797.312,0,0
EST,Estonia,Male,2020,25.7,133069.717,6,31066.86
CAN,Canada,Female,2008,15.1,2119833.583,0,0
EST,Estonia,Male,2022,21,110706.75,11.8,62206.65
SWE,Sweden,Female,2005,13.8,522659.82,0,0
CAN,Canada,Female,2009,14.2,2020666.958,0,0
SWE,Sweden,Female,2006,14.1,538316.568,0,0
CAN,Canada,Female,2010,13.7,1975564.386,0,0
SWE,Sweden,Female,2007,12.8,492967.68,0,0
CAN,Canada,Female,2011,14,2041811.94,0,0
SWE,Sweden,Female,2008,12.9,501148.875,0,0
CAN,Canada,Female,2012,13.5,1990590.255,0,0
SWE,Sweden,Female,2009,13.3,521344.306,0,0
CAN,Canada,Female,2013,12.9,1921947.264,0,0
SWE,Sweden,Female,2010,12.5,493871.875,0,0
CAN,Canada,Female,2014,11.7,1760294.601,0,0
SWE,Sweden,Female,2011,12.4,492875.82,0,0
SWE,Sweden,Female,2012,13.1,523453.861,0,0
CAN,Canada,Female,2016,10.8,1654479.108,0,0
SWE,Sweden,Female,2013,11.7,470111.031,0,0
SWE,Sweden,Female,2014,12.1,489287.942,0,0
AUT,Austria,Male,2019,23.5,871599.49,1,37089.34
CAN,Canada,Female,2018,9.7,1526703.564,0,0
SWE,Sweden,Female,2015,10.7,435662.377,0,0
SWE,Sweden,Female,2016,11.2,459886.224,0,0
SWE,Sweden,Female,2017,10.3,427072.299,0,0
SWE,Sweden,Female,2019,10.6,447590.194,0,0
ISR,Israel,Female,2000,15.4,355863.2,0,0
ISR,Israel,Female,2002,15.3,370231.542,0,0
MEX,Mexico,Male,2000,20.5,6431063.61,0,0
MEX,Mexico,Male,2002,23.7,7736463.522,0,0
ISR,Israel,Female,2004,15.7,393548.132,0,0
MEX,Mexico,Male,2006,21.6,7630834.392,0,0
MEX,Mexico,Male,2008,16,5906924.48,0,0
ISR,Israel,Female,2006,13.9,360607.978,0,0
MEX,Mexico,Male,2009,11.8,4455639.644,0,0
MEX,Mexico,Male,2011,15.5,6105304.92,0,0
ISR,Israel,Female,2008,11.1,300056.976,0,0
MEX,Mexico,Male,2015,11.9,5044692.03,0,0
MEX,Mexico,Male,2016,10,4309442.6,0,0
ISR,Israel,Female,2010,12.6,354372.228,0,0
MEX,Mexico,Male,2018,12.5,5557740.375,0,0
MEX,Mexico,Male,2020,12.3,5632201.98,0,0
MEX,Mexico,Male,2021,13.2,6129478.212,0,0
ISR,Israel,Female,2013,10.8,319639.608,0,0
ISR,Israel,Female,2014,11.4,343651.404,0,0
ISR,Israel,Female,2016,14.1,441572.238,0,0
ESP,Spain,Male,2001,39.2,6634782.28,0,0
ESP,Spain,Male,2003,34.2,6018935.634,0,0
ESP,Spain,Male,2006,31.6,5873991.912,0,0
ESP,Spain,Male,2009,31.2,6050555.16,0,0
ESP,Spain,Male,2011,27.9,5425999.533,0,0
ESP,Spain,Male,2014,27.6,5301404.136,0,0
ESP,Spain,Male,2017,25.6,4923594.496,0,0
ESP,Spain,Male,2020,23.3,4588620.916,2.4,472647.648
JPN,Japan,Total,2000,27,29273272.83,0,0
ESP,Spain,Female,2020,16.5,3438850.47,1.2,250098.216
JPN,Japan,Total,2001,24.4,26597464,0,0
COL,Colombia,Total,2008,17.1,5268692.286,0,0
JPN,Japan,Total,2002,24,26240400,0,0
JPN,Japan,Total,2003,27.7,30391886,0,0
JPN,Japan,Total,2004,26.4,29027328,0,0
JPN,Japan,Total,2005,24.2,26664280.68,0,0
ITA,Italy,Female,2014,14.9,4027416.658,1,270296.42
JPN,Japan,Total,2006,23.8,26286617.1,0,0
ITA,Italy,Female,2015,15.8,4266640.374,0.8,216032.424
COL,Colombia,Total,2013,13,4369889.16,0,0
ITA,Italy,Female,2016,15.3,4125538.053,0.9,242678.709
JPN,Japan,Total,2007,24.1,26679887.65,0,0
ITA,Italy,Female,2017,15,4038308.1,1.3,349986.702
JPN,Japan,Total,2008,21.8,24166455.4,0,0
ITA,Italy,Female,2018,15.1,4058861.729,1.5,403198.185
JPN,Japan,Total,2009,23.4,25962589.46,0,0
ITA,Italy,Female,2019,14.9,4000920.286,1.9,510184.466
JPN,Japan,Total,2010,19.5,21687545.49,0,0
ITA,Italy,Female,2020,15.4,4119649.38,1.9,508268.43
JPN,Japan,Total,2011,20.1,22335993.14,0,0
ITA,Italy,Female,2021,15.5,4125758.07,2.4,638827.056
JPN,Japan,Total,2012,20.7,22984331.53,0,0
NOR,Norway,Total,2015,13,553374.12,3.3,140471.892
JPN,Japan,Total,2013,19.3,21424634.13,0,0
NOR,Norway,Total,2016,12,516038.4,3.3,141910.56
JPN,Japan,Total,2014,19.6,21752834.4,0,0
NOR,Norway,Total,2017,11,477250.51,3,130159.23
JPN,Japan,Total,2015,18.2,20229213.91,0,0
NOR,Norway,Total,2018,12,524996.4,3.1,135624.07
JPN,Japan,Total,2016,18.3,20355560.86,0,0
NOR,Norway,Total,2019,9,397381.59,3.1,136875.881
JPN,Japan,Total,2017,17.7,19696130.42,0,0
NOR,Norway,Total,2020,9,400825.08,2.9,129154.748
BEL,Belgium,Total,2001,24.1,2044017.641,0,0
NOR,Norway,Total,2021,8,359162.4,2.6,116727.78
JPN,Japan,Total,2018,17.8,19806973.5,0,0
NOR,Norway,Total,2022,7,317877.14,2.3,104445.346
JPN,Japan,Total,2019,16.7,18586428.33,0,0
BEL,Belgium,Total,2004,23.7,2044122.393,0,0
BEL,Belgium,Total,2008,20.5,1824578.105,0,0
BEL,Belgium,Total,2013,18.9,1745497.593,0,0
SVN,Slovenia,Male,2007,22.4,190528.8,0,0
IRL,Ireland,Male,2002,27,410972.4,0,0
IRL,Ireland,Male,2007,25,434526,0,0
IRL,Ireland,Male,2015,20,361193.2,3,54178.98
IRL,Ireland,Male,2016,21,384800.01,3,54971.43
IRL,Ireland,Male,2017,20,371495.2,4,74299.04
IRL,Ireland,Male,2018,19,359080.43,5,94494.85
SVN,Slovenia,Male,2014,21.8,188736.116,0,0
NLD,Netherlands,Male,2016,20.9,1466611.311,3.8,266656.602
IRL,Ireland,Male,2019,16,307439.84,6,115289.94
NLD,Netherlands,Male,2017,19.5,1380846.09,3.3,233681.646
IRL,Ireland,Male,2021,17,335259.04,4,78884.48
NLD,Netherlands,Male,2018,17.8,1271780.452,3.4,242924.356
IRL,Ireland,Male,2022,17,340942.31,7,140388.01
NLD,Netherlands,Male,2019,17.7,1276964.73,1.7,122646.33
EST,Estonia,Male,2000,45,235689.75,0,0
NLD,Netherlands,Male,2020,15.7,1142036.84,1.2,87289.44
EST,Estonia,Male,2002,43.9,229910.885,0,0
NLD,Netherlands,Male,2021,17.6,1289437.6,1.4,102568.9
EST,Estonia,Male,2004,47.7,250048.17,0,0
EST,Estonia,Male,2006,40.5,211616.55,0,0
EST,Estonia,Male,2008,38.6,200465.24,0,0
EST,Estonia,Male,2010,36.8,189854.88,0,0
DEU,Germany,Male,2003,29.8,10145518.17,0,0
DEU,Germany,Male,2005,27.9,9569827.782,0,0
AUS,Australia,Male,2001,21.2,1596631.148,0,0
AUS,Australia,Male,2004,19,1492910.75,0,0
AUS,Australia,Male,2007,18.3,1514727.783,0,0
DEU,Germany,Male,2009,26.4,9097302.456,0,0
AUS,Australia,Male,2010,16.6,1463054.28,0,0
AUS,Australia,Male,2013,14.7,1361054.919,0,0
DEU,Germany,Male,2013,25.1,8533575.81,0,0
NLD,Netherlands,Male,2000,35,2227197,0,0
NLD,Netherlands,Male,2001,32.3,2071208.753,0,0
NLD,Netherlands,Male,2002,30.9,1995142.548,0,0
NLD,Netherlands,Male,2003,29.2,1894865.38,0,0
DEU,Germany,Male,2017,22.3,7818434.189,0,0
NLD,Netherlands,Male,2004,28.6,1863217.642,0,0
NLD,Netherlands,Male,2005,28.4,1856969.784,0,0
NLD,Netherlands,Male,2006,28.8,1890063.36,0,0
NLD,Netherlands,Male,2007,25.4,1674528.274,0,0
DEU,Germany,Male,2021,17.5,6145541.85,0,0
NLD,Netherlands,Male,2008,25.9,1718622.99,0,0
NLD,Netherlands,Male,2009,25.5,1705175.055,0,0
NLD,Netherlands,Male,2010,23.1,1555725.402,0,0
LUX,Luxembourg,Male,2001,29,50678.37,0,0
NLD,Netherlands,Male,2011,23.5,1593020.82,0,0
LUX,Luxembourg,Male,2002,30,53032.5,0,0
NLD,Netherlands,Male,2012,20.6,1404521.802,0,0
LUX,Luxembourg,Male,2003,34,60969.82,0,0
NLD,Netherlands,Male,2013,20.9,1432752.475,0,0
LUX,Luxembourg,Male,2004,30,54738,0,0
NLD,Netherlands,Male,2014,21.7,1497531.756,0,0
LUX,Luxembourg,Male,2005,27,50167.08,0,0
NLD,Netherlands,Male,2015,21.2,1474508.972,0,0
LUX,Luxembourg,Male,2006,24,45428.4,0,0
LUX,Luxembourg,Male,2007,24,46259.76,0,0
LUX,Luxembourg,Male,2008,23,45298.73,0,0
LUX,Luxembourg,Male,2009,22,44322.74,0,0
LUX,Luxembourg,Male,2010,20.9,43045.013,0,0
LUX,Luxembourg,Male,2011,18.4,39004.32,0,0
LUX,Luxembourg,Male,2012,18.4,40219.456,0,0
LUX,Luxembourg,Male,2013,17.6,39526.608,0,0
LUX,Luxembourg,Male,2014,17,39222.57,0,0
LUX,Luxembourg,Male,2015,16,37939.2,0,0
LUX,Luxembourg,Male,2016,17.3,42181.379,0,0
LUX,Luxembourg,Male,2017,18.1,45239.864,0,0
LUX,Luxembourg,Male,2018,15.7,40100.783,0,0
LUX,Luxembourg,Male,2020,17.7,47021.643,0,0
LUX,Luxembourg,Male,2021,21,56724.15,0,0
LUX,Luxembourg,Male,2022,21.2,58459.212,0,0
DEU,Germany,Female,2003,19.1,6914193.315,0,0
DEU,Germany,Female,2005,18.8,6839759.412,0,0
ESP,Spain,Female,2001,24.6,4405180.302,0,0
ESP,Spain,Female,2003,22.4,4141015.2,0,0
ESP,Spain,Female,2006,21.5,4155340.69,0,0
ESP,Spain,Female,2009,21.3,4279427.73,0,0
DEU,Germany,Female,2009,17.6,6399704.784,0,0
ESP,Spain,Female,2011,20.2,4090142.258,0,0
ESP,Spain,Female,2014,18.6,3756712.866,0,0
ESP,Spain,Female,2017,18.8,3820180.492,0,0
DEU,Germany,Female,2013,17.1,6153371.388,0,0
DEU,Germany,Female,2017,15.3,5582448.729,0,0
DEU,Germany,Female,2021,11.8,4311286.704,0,0
ITA,Italy,Female,2000,17.4,4422150.144,0,0
ITA,Italy,Female,2001,17.1,4351784.472,0,0
KOR,South Korea,Female,2001,4.2,792738.744,0,0
ITA,Italy,Female,2002,17.2,4386697.804,0,0
ITA,Italy,Female,2003,17.6,4513088.976,0,0
ITA,Italy,Female,2005,16.4,4261275.468,0,0
ITA,Italy,Female,2006,17.2,4487865.968,0,0
KOR,South Korea,Female,2005,4.7,920096.205,0,0
ITA,Italy,Female,2007,16.6,4360117.82,0,0
ITA,Italy,Female,2008,16.4,4343043.08,0,0
KOR,South Korea,Female,2007,5.4,1082842.29,0,0
ITA,Italy,Female,2009,17.1,4555785.249,0,0
KOR,South Korea,Female,2008,7.4,1505459.478,0,0
ITA,Italy,Female,2010,17.1,4578321.339,0,0
KOR,South Korea,Female,2009,7,1442143.92,0,0
ITA,Italy,Female,2011,16.8,4516431.192,0,0
KOR,South Korea,Female,2010,5.2,1084184.556,0,0
ITA,Italy,Female,2012,16.5,4448224.605,0,0
KOR,South Korea,Female,2011,5.1,1077810.744,0,0
ITA,Italy,Female,2013,15.9,4294901.163,0,0
KOR,South Korea,Female,2012,5.8,1239294.526,0,0
KOR,South Korea,Female,2013,4.3,928079.535,0,0
KOR,South Korea,Female,2014,4,872836.04,0,0
KOR,South Korea,Female,2015,3.4,749069.538,0,0
KOR,South Korea,Female,2016,4.1,911165.714,0,0
KOR,South Korea,Female,2017,3.5,782788.335,0,0
KOR,South Korea,Female,2018,4.5,1014548.895,0,0
KOR,South Korea,Male,2001,52.9,9862136.42,0,0
AUT,Austria,Male,2006,27.3,915625.893,0,0
AUT,Austria,Male,2014,26.5,940588.88,0,0
KOR,South Korea,Male,2005,47.3,9169003.778,0,0
NOR,Norway,Total,2000,32,1149567.04,0,0
NOR,Norway,Total,2001,30,1082814.3,0,0
KOR,South Korea,Male,2007,43,8564147.03,0,0
NOR,Norway,Total,2002,29,1052653.89,0,0
KOR,South Korea,Male,2008,45.3,9165022.614,0,0
NOR,Norway,Total,2003,26,950149.72,0,0
KOR,South Korea,Male,2009,44.3,9071096.145,0,0
NOR,Norway,Total,2004,26,957315.32,0,0
KOR,South Korea,Male,2010,40.8,8455787.76,0,0
NOR,Norway,Total,2005,25,928806.5,0,0
KOR,South Korea,Male,2011,41.6,8749159.744,0,0
NOR,Norway,Total,2006,24,901032,0,0
KOR,South Korea,Male,2012,37.6,7992058.6,0,0
NOR,Norway,Total,2007,22,836550.22,0,0
KOR,South Korea,Male,2013,36.2,7766134.782,0,0
NOR,Norway,Total,2008,21,810267.36,0,0
KOR,South Korea,Male,2014,36.6,7946615.79,0,0
NOR,Norway,Total,2009,21,821886.87,0,0
KOR,South Korea,Male,2015,31.4,6893432.598,0,0
NOR,Norway,Total,2010,19,754211.84,0,0
KOR,South Korea,Male,2016,32.9,7280666.694,0,0
NOR,Norway,Total,2011,17,685176.33,0,0
KOR,South Korea,Male,2017,31.6,7038030.052,0,0
NOR,Norway,Total,2012,16,654895.2,0,0
KOR,South Korea,Male,2018,30.5,6853872.77,0,0
NOR,Norway,Total,2013,15,622658.25,0,0
NOR,Norway,Total,2014,13,546755.17,0,0
JPN,Japan,Female,2000,11.5,6415906.58,0,0
JPN,Japan,Female,2001,9.9,5556870,0,0
JPN,Japan,Female,2002,10.2,5748312,0,0
JPN,Japan,Female,2003,11.3,6394105,0,0
JPN,Japan,Female,2004,12,6809640,0,0
JPN,Japan,Female,2005,11.3,6423556.642,0,0
JPN,Japan,Female,2006,10,5700439.3,0,0
JPN,Japan,Female,2007,11,6287416.08,0,0
JPN,Japan,Female,2008,9.1,5210598.029,0,0
JPN,Japan,Female,2009,10.9,6250481.83,0,0
JPN,Japan,Female,2010,8.4,4831000.524,0,0
JPN,Japan,Female,2011,9.7,5575017.77,0,0
JPN,Japan,Female,2012,9,5169294.54,0,0
JPN,Japan,Female,2013,8.2,4709127.98,0,0
JPN,Japan,Female,2014,8.5,4880087.405,0,0
JPN,Japan,Female,2015,7.9,4540306.565,0,0
JPN,Japan,Female,2016,8.2,4716156.528,0,0
JPN,Japan,Female,2017,7.2,4142645.784,0,0
DNK,Denmark,Male,2000,32,681994.56,0,0
JPN,Japan,Female,2018,8.1,4659918.417,0,0
DNK,Denmark,Male,2001,33.5,715066.88,0,0
JPN,Japan,Female,2019,7.6,4371991.048,0,0
DNK,Denmark,Male,2002,30.5,652722.265,0,0
DNK,Denmark,Male,2003,31,664821.04,0,0
DNK,Denmark,Male,2004,29,623673.71,0,0
DNK,Denmark,Male,2005,28,604495.08,0,0
DNK,Denmark,Male,2006,26,564397.86,0,0
DNK,Denmark,Male,2007,28,611815.68,0,0
DNK,Denmark,Male,2008,24,528899.52,0,0
DNK,Denmark,Male,2009,22,488677.2,0,0
DNK,Denmark,Male,2010,22.7,507743.839,0,0
DNK,Denmark,Male,2013,18.6,424856.736,0,0
ISR,Israel,Male,2000,34,741268,0,0
ISR,Israel,Male,2002,29.1,665018.226,0,0
CAN,Canada,Male,2001,24.7,3055609.83,0,0
CAN,Canada,Male,2003,20.5,2606031.135,0,0
ISR,Israel,Male,2004,27.8,659430.734,0,0
CAN,Canada,Male,2005,19.2,2507639.232,0,0
CAN,Canada,Male,2007,20.4,2736649.392,0,0
ISR,Israel,Male,2006,25.6,629798.656,0,0
CAN,Canada,Male,2008,20,2718429.2,0,0
CAN,Canada,Male,2009,18.3,2521500.636,0,0
ISR,Israel,Male,2008,26.7,685707.798,0,0
CAN,Canada,Male,2010,19,2652882.22,0,0
CAN,Canada,Male,2011,17.4,2457947.664,0,0
ISR,Israel,Male,2010,24.8,664181.448,0,0
CAN,Canada,Male,2012,18.7,2675748.405,0,0
CAN,Canada,Male,2013,16.9,2447134.534,0,0
CAN,Canada,Male,2014,16.3,2386348.362,0,0
ISR,Israel,Male,2013,21.9,619001.31,0,0
CAN,Canada,Male,2015,14.9,2198358.367,3.3,486884.739
ISR,Israel,Male,2014,23.2,668469.256,0,0
CAN,Canada,Male,2016,14.2,2119266.504,0,0
CAN,Canada,Male,2017,14.2,2146882.806,3.8,574517.934
ISR,Israel,Male,2016,25.3,758670.088,0,0
CAN,Canada,Male,2018,12.8,1966039.936,0,0
ISR,Israel,Male,2017,21.3,651475.41,0.7,21409.99
CAN,Canada,Male,2019,12,1873655.52,5.8,905600.168
CAN,Canada,Male,2020,11.3,1785376.609,5.8,916387.994
ISR,Israel,Male,2019,21.7,691383.7,2.8,89210.8
CAN,Canada,Male,2021,9.5,1512404.75,6,955203
AUS,Australia,Female,2001,18,1400974.02,0,0
AUS,Australia,Female,2004,16.5,1337103.24,0,0
AUS,Australia,Female,2007,15.4,1309548.24,0,0
NZL,New Zealand,Male,2000,25,360637.5,0,0
AUS,Australia,Female,2010,14.1,1271745.552,0,0
NZL,New Zealand,Male,2001,25,363212.5,0,0
AUS,Australia,Female,2013,11.3,1072519.838,0,0
NZL,New Zealand,Male,2002,25,370875,0,0
AUS,Australia,Female,2016,10.8,1075985.748,0.6,59776.986
NZL,New Zealand,Male,2003,24,364624.8,0,0
AUS,Australia,Female,2019,10,1046212.6,1.5,156931.89
NZL,New Zealand,Male,2004,23,355586.9,0,0
NZL,New Zealand,Male,2005,22.5,353002.5,0,0
NZL,New Zealand,Male,2006,21.9,348954.6,0,0
NZL,New Zealand,Male,2007,19.3,310724.21,0,0
NZL,New Zealand,Male,2012,16.9,285354.81,0,0
NZL,New Zealand,Male,2013,16.4,279818.44,0.1,1706.21
NZL,New Zealand,Male,2014,17.5,305926.25,0,0
NZL,New Zealand,Male,2015,16.3,293421.19,0,0
NZL,New Zealand,Male,2016,15.9,294754.2,1.7,31514.6
NZL,New Zealand,Male,2017,15.4,292832.54,0,0
NZL,New Zealand,Male,2018,14.5,281917.7,4.8,93324.48
NZL,New Zealand,Male,2019,14.4,285114.24,6.1,120777.56
NZL,New Zealand,Male,2020,12.5,253860,6.3,127945.44
NZL,New Zealand,Male,2021,9.5,193786.7,9.5,193786.7
NZL,New Zealand,Male,2022,8.6,176145.2,10.6,217109.2
FRA,France,Total,2000,30,14741619,0,0
FRA,France,Total,2005,27.5,14094288.18,0,0
FRA,France,Total,2010,29.7,15664736.34,0,0
FRA,France,Total,2014,28.5,15374855.96,2.9,1564459.027
FRA,France,Total,2015,29.4,15936092.13,0,0
FRA,France,Total,2016,29.4,16006075.89,2.5,1361060.875
FRA,France,Total,2017,26.9,14711433,2.7,1476612.234
FRA,France,Total,2018,25.4,13966313.95,3.8,2089448.544
FRA,France,Total,2019,24,13267386.48,4.4,2432354.188
FRA,France,Total,2020,25.5,14163392.58,4.3,2388336.788
FRA,France,Total,2021,25.3,14123336.39,5,2791173.2
ESP,Spain,Total,2001,31.7,11041965.9,0,0
ESP,Spain,Total,2003,28.1,10140137.9,0,0
ESP,Spain,Total,2006,26.4,10009756.15,0,0
ESP,Spain,Total,2009,26.2,10344812.19,0,0
ESP,Spain,Total,2011,23.9,9487406.379,0,0
ESP,Spain,Total,2014,23,9063233.72,0,0
ESP,Spain,Total,2017,22.1,8741190.237,0,0
ESP,Spain,Total,2020,19.8,8025964.452,1.8,729633.132
SVK,Slovakia,Female,2003,14.3,328825.783,0,0
SVK,Slovakia,Female,2009,12.5,297318.375,0,0
SVK,Slovakia,Female,2014,15.8,375051.078,0,0
SVK,Slovakia,Female,2019,15.4,365219.778,1,23715.57
POL,Poland,Male,2001,37,5498810.87,0,0
POL,Poland,Male,2004,33.9,5138796.588,0,0
POL,Poland,Male,2009,30.9,4770817.242,0,0
POL,Poland,Male,2014,28.8,4511416.608,0,0
POL,Poland,Male,2019,20.8,3235403.808,0,0
CHE,Switzerland,Male,2002,30.7,900134.438,0,0
CHE,Switzerland,Male,2007,23.4,724608.846,0,0
CHE,Switzerland,Male,2012,23.1,769308.078,0,0
CHE,Switzerland,Male,2017,21.5,761471.95,1.6,56667.68
CAN,Canada,Total,2001,22.4,5638026.24,0,0
CAN,Canada,Total,2003,18.7,4834313.715,0,0
CAN,Canada,Total,2005,17.3,4592491.908,0,0
CAN,Canada,Total,2007,18.2,4962722.31,0,0
CAN,Canada,Total,2008,17.5,4835386.325,0,0
CAN,Canada,Total,2009,16.2,4537416.042,0,0
CAN,Canada,Total,2010,16.3,4626382.708,0,0
CAN,Canada,Total,2011,15.7,4507549.599,0,0
CAN,Canada,Total,2012,16.1,4677682.408,0,0
CAN,Canada,Total,2013,14.9,4377456.398,0,0
CAN,Canada,Total,2014,14,4155959.78,0,0
CAN,Canada,Total,2015,13.1,3918088.825,2.9,867363.175
CAN,Canada,Total,2016,12.5,3780457.875,0,0
GBR,United Kingdom,Female,2000,25.5,6306509.55,0,0
CAN,Canada,Total,2017,12,3675978.36,3.1,949627.743
GBR,United Kingdom,Female,2001,25.6,6365120.768,0,0
CAN,Canada,Total,2018,11.3,3514175.587,0,0
GBR,United Kingdom,Female,2002,25,6251520,0,0
CAN,Canada,Total,2019,10.3,3254167.58,4.7,1484911.42
GBR,United Kingdom,Female,2003,24.2,6087419.492,0,0
CAN,Canada,Total,2020,9.4,3005051.502,4.4,1406619.852
GBR,United Kingdom,Female,2004,23,5823358.27,0,0
CAN,Canada,Total,2021,8.7,2801837.61,4.7,1513636.41
GBR,United Kingdom,Female,2005,22.7,5800380.726,0,0
GBR,United Kingdom,Female,2006,20.9,5383851.704,0,0
GBR,United Kingdom,Female,2007,19.7,5118011.538,0,0
GBR,United Kingdom,Female,2008,20.6,5394272.74,0,0
GBR,United Kingdom,Female,2009,20.2,5326639,0,0
GBR,United Kingdom,Female,2010,19.8,5258809.314,0,0
GBR,United Kingdom,Female,2011,18.8,5031322.364,0,0
GBR,United Kingdom,Female,2012,18.8,5060373.252,0,0
GBR,United Kingdom,Female,2013,16.8,4545254.448,0,0
GBR,United Kingdom,Female,2014,17.2,4684620.724,3.4,926029.678
GBR,United Kingdom,Female,2015,16.6,4549894.83,4.4,1205996.22
GBR,United Kingdom,Female,2016,14.5,3998363.835,4.9,1351171.227
GBR,United Kingdom,Female,2017,15,4155074.1,4.6,1274222.724
GBR,United Kingdom,Female,2018,16.2,4509612.954,5,1391855.85
GBR,United Kingdom,Female,2019,13.8,3862537.338,5.4,1511427.654
GBR,United Kingdom,Female,2020,13.7,3849909.747,3,843045.93
GBR,United Kingdom,Female,2021,11.7,3343971.618,3.5,1000333.39
GRC,Greece,Female,2000,27,1275944.94,0,0
GRC,Greece,Female,2004,31.3,1480702.527,0,0
NZL,New Zealand,Female,2000,25,384112.5,0,0
NZL,New Zealand,Female,2001,25,387612.5,0,0
GRC,Greece,Female,2006,30.8,1473744.58,0,0
NZL,New Zealand,Female,2002,24,379526.4,0,0
NZL,New Zealand,Female,2003,23,372130.8,0,0
GRC,Greece,Female,2008,33.5,1619103.24,0,0
NZL,New Zealand,Female,2004,21,346168.2,0,0
GRC,Greece,Female,2009,26.1,1266739.488,0,0
NZL,New Zealand,Female,2005,22.5,376823.25,0,0
NZL,New Zealand,Female,2006,19.5,332073.3,0,0
NZL,New Zealand,Female,2007,17,292823.3,0,0
NZL,New Zealand,Female,2012,15.9,287742.3,0,0
NZL,New Zealand,Female,2013,15.2,277720.72,0.1,1827.11
GRC,Greece,Female,2014,21.4,1032868.004,0,0
NZL,New Zealand,Female,2014,14.4,267350.4,0,0
NZL,New Zealand,Female,2015,14,265031.2,0,0
NZL,New Zealand,Female,2016,13.1,253574.08,1.1,21292.48
NZL,New Zealand,Female,2017,12.8,252838.4,0,0
NZL,New Zealand,Female,2018,12.2,245212.68,3.1,62308.14
GRC,Greece,Female,2019,19,905303.64,1.3,61941.828
NZL,New Zealand,Female,2019,11.5,234974.9,3.4,69470.84
NZL,New Zealand,Female,2020,11.3,236489.79,4.3,89991.69
NZL,New Zealand,Female,2021,9.2,193522,7,147245
NZL,New Zealand,Female,2022,7.3,154140.96,10.1,213263.52
JPN,Japan,Male,2000,47.4,24946163.54,0,0
PRT,Portugal,Male,2006,27.2,1144336.096,0,0
JPN,Japan,Male,2001,45.9,24270084,0,0
PRT,Portugal,Male,2014,23.5,980777.2,1.3,54255.76
JPN,Japan,Male,2002,43.3,22938175,0,0
PRT,Portugal,Male,2019,20.2,847883.284,2.1,88146.282
JPN,Japan,Male,2003,46.8,24863904,0,0
JPN,Japan,Male,2004,43.3,23038198,0,0
JPN,Japan,Male,2005,39.3,20961576.19,0,0
JPN,Japan,Male,2006,39.9,21323987.62,0,0
JPN,Japan,Male,2007,39.4,21097360.4,0,0
JPN,Japan,Male,2008,36.8,19723321.01,0,0
JPN,Japan,Male,2009,38.2,20478014.19,0,0
JPN,Japan,Male,2010,32.2,17293419.26,0,0
JPN,Japan,Male,2011,32.4,17382578.62,0,0
JPN,Japan,Male,2012,34.1,18277194.89,0,0
JPN,Japan,Male,2013,32.2,17252784.79,0,0
JPN,Japan,Male,2014,32.2,17249880.03,0,0
JPN,Japan,Male,2015,30.1,16156864.89,0,0
JPN,Japan,Male,2016,30.2,16222977.64,0,0
JPN,Japan,Male,2017,29.4,15799802.84,0,0
JPN,Japan,Male,2018,29,15586129.75,0,0
JPN,Japan,Male,2019,27.1,14571610.38,0,0
CHL,Chile,Male,2003,38.8,2214309.404,0,0
CHL,Chile,Male,2009,33.7,2148754.462,0,0
CHL,Chile,Male,2016,28.2,1991934.918,1.3,91826.787
CHL,Chile,Male,2020,17.7,1362167.043,1.4,107742.026
AUT,Austria,Female,2006,19.4,700311.094,0,0
AUT,Austria,Female,2014,22.1,833770.899,0,0
AUT,Austria,Female,2019,17.8,692130.75,0.4,15553.5
NLD,Netherlands,Female,2000,29,1914158.34,0,0
NLD,Netherlands,Female,2001,25.4,1688053.012,0,0
NLD,Netherlands,Female,2002,24.5,1638555.59,0,0
NLD,Netherlands,Female,2003,24.3,1633723.02,0,0
NLD,Netherlands,Female,2004,22.3,1506340.693,0,0
NLD,Netherlands,Female,2005,22.1,1499410.744,0,0
NLD,Netherlands,Female,2006,21.7,1478155.392,0,0
NLD,Netherlands,Female,2007,21,1436797.53,0,0
NLD,Netherlands,Female,2008,20.8,1431162.928,0,0
NLD,Netherlands,Female,2009,19.8,1371237.516,0,0
NLD,Netherlands,Female,2010,18.8,1310482.952,0,0
NLD,Netherlands,Female,2011,18.3,1283268.285,0,0
NLD,Netherlands,Female,2012,16.3,1149085.778,0,0
NLD,Netherlands,Female,2013,16.3,1154880.591,0,0
NLD,Netherlands,Female,2014,16.7,1189936.957,0,0
NLD,Netherlands,Female,2015,16.9,1211945.137,0,0
NLD,Netherlands,Female,2016,15.2,1097784.432,3.1,223890.246
NLD,Netherlands,Female,2017,14.1,1026175.299,2.9,211057.331
NLD,Netherlands,Female,2018,13.4,982966.112,2.9,212731.472
NLD,Netherlands,Female,2019,13.1,969062.806,1.5,110961.39
NLD,Netherlands,Female,2020,13.1,975748.915,1.1,81933.115
NLD,Netherlands,Female,2021,11.9,891857.519,1.4,104924.414
CHE,Switzerland,Female,2002,22.7,710409.893,0,0
CHE,Switzerland,Female,2007,17.6,576395.424,0,0
CHE,Switzerland,Female,2012,17.8,617463.666,0,0
CHE,Switzerland,Female,2017,16.8,612877.44,1.1,40128.88
TUR,Turkey,Female,2003,17.8,4302846.332,0,0
TUR,Turkey,Female,2006,16.6,4232780.714,0,0
TUR,Turkey,Female,2008,11.6,3051521.056,0,0
TUR,Turkey,Female,2010,12.3,3346458.048,0,0
TUR,Turkey,Female,2012,10.7,3022317.078,0,0
TUR,Turkey,Female,2014,13.1,3835173.947,0,0
TUR,Turkey,Female,2016,13.3,4029853.583,0,0
TUR,Turkey,Female,2019,14.9,4738736.996,0,0
SVN,Slovenia,Total,2001,22.4,376749.856,0,0
HUN,Hungary,Female,2000,23,1039042.48,0,0
HUN,Hungary,Female,2003,24.6,1113956.634,0,0
HUN,Hungary,Female,2009,21.7,985109.041,0,0
HUN,Hungary,Female,2014,20.8,930354.88,0.5,22364.3
HUN,Hungary,Female,2019,22.3,981467.377,1.4,61616.786
SVN,Slovenia,Total,2007,18.9,328548.906,0,0
SVN,Slovenia,Total,2014,18.9,332470.467,0,0
SVN,Slovenia,Total,2019,17.4,308738.118,1.7,30164.069
PRT,Portugal,Female,2006,11,511740.57,0,0
PRT,Portugal,Female,2014,10.9,515724.126,0.8,37851.312
PRT,Portugal,Female,2019,9,428163.84,1.2,57088.512
CRI,Costa Rica,Total,2000,12.5,329963.75,0,0
CRI,Costa Rica,Total,2006,15.8,490454.91,0,0
CRI,Costa Rica,Total,2007,15.5,492346.495,0,0
CRI,Costa Rica,Total,2008,15.1,490700.019,0,0
CRI,Costa Rica,Total,2009,14.8,491525.316,0,0
CRI,Costa Rica,Total,2010,14.4,488520.72,0,0
CRI,Costa Rica,Total,2011,13.7,474385.79,0,0
CRI,Costa Rica,Total,2012,13,458740.62,0,0
CRI,Costa Rica,Total,2013,12.3,441873.441,0,0
CRI,Costa Rica,Total,2014,11.7,427661.793,0,0
CRI,Costa Rica,Total,2015,11,409149.73,0,0
CRI,Costa Rica,Total,2016,10.5,397035.555,0,0
LTU,Lithuania,Female,2005,9.8,147463.148,0,0
CRI,Costa Rica,Total,2017,10,383900.7,0,0
LTU,Lithuania,Female,2014,9.2,126283.708,0,0
CRI,Costa Rica,Total,2018,9.5,369712.925,0,0
LTU,Lithuania,Female,2019,9.7,124962.966,0.8,10306.224
CRI,Costa Rica,Total,2019,8.9,351236.186,0,0
CRI,Costa Rica,Total,2020,8.4,335930.364,0,0
CRI,Costa Rica,Total,2021,7.8,315975.036,0,0
CRI,Costa Rica,Total,2022,6.9,283052.352,4.4,180497.152
HUN,Hungary,Total,2000,30.2,2567103.284,0,0
HUN,Hungary,Total,2003,30.4,2586933.904,0,0
HUN,Hungary,Total,2009,26.5,2262548.005,0,0
HUN,Hungary,Total,2014,25.8,2177510.97,0.6,50639.79
HUN,Hungary,Total,2019,24.9,2079050.898,2,166992.04
USA,United States,Male,2000,21.2,22807102.04,0,0
USA,United States,Male,2001,20.3,22123751.8,0,0
USA,United States,Male,2002,20.5,22610656.22,0,0
USA,United States,Male,2003,19.4,21627310.9,0,0
USA,United States,Male,2004,19,21448997.59,0,0
USA,United States,Male,2005,19.1,21839411.39,0,0
USA,United States,Male,2006,19,22002986.1,0,0
USA,United States,Male,2007,17.1,20043402.48,0,0
USA,United States,Male,2008,17.9,21217998.95,0,0
USA,United States,Male,2009,17.9,21436455.21,0,0
USA,United States,Male,2010,16.7,20174506.31,0,0
USA,United States,Male,2011,16.4,20001577.27,0,0
USA,United States,Male,2012,15.9,19584556.93,0,0
USA,United States,Male,2013,15.6,19393215.97,0,0
USA,United States,Male,2014,14,17570246.82,4.1,5145572.283
SVK,Slovakia,Total,2003,22.1,976549.938,0,0
USA,United States,Male,2015,12.2,15462108.1,4.3,5449759.413
SVK,Slovakia,Total,2009,19.5,893968.92,0,0
USA,United States,Male,2016,13.2,16885400.14,3.8,4860948.524
SVK,Slovakia,Total,2014,22.9,1050788.484,0,0
USA,United States,Male,2017,11.5,14829131.44,3.3,4255315.977
SVK,Slovakia,Total,2019,21,964585.86,1.2,55119.192
USA,United States,Male,2018,11.5,14933810.65,4.3,5583946.589
USA,United States,Male,2019,11.7,15295012.43,5.5,7189963.11
USA,United States,Male,2020,10.3,13752293.85,4.6,6141801.136
USA,United States,Male,2021,9.7,13003568.48,5.1,6836927.757
CZE,Czechia,Female,2002,18.1,806247.124,0,0
CZE,Czechia,Female,2003,22.6,1009882.582,0,0
CZE,Czechia,Female,2004,20.1,901650.222,0,0
CZE,Czechia,Female,2005,19.4,874233.646,0,0
CZE,Czechia,Female,2006,19.5,883140.96,0,0
CZE,Czechia,Female,2007,18.8,856575.376,0,0
CZE,Czechia,Female,2008,18.8,864160.988,0,0
CZE,Czechia,Female,2009,18,831061.62,0,0
CZE,Czechia,Female,2010,16.5,762829.155,0,0
CZE,Czechia,Female,2011,18.8,864410.652,0,0
CZE,Czechia,Female,2012,19.6,900311.3,0,0
CZE,Czechia,Female,2013,17.4,797824.626,0,0
CZE,Czechia,Female,2014,18.5,847615.795,0,0
CZE,Czechia,Female,2015,14.8,677462.008,0,0
CZE,Czechia,Female,2016,15.6,713774.568,0,0
CZE,Czechia,Female,2017,14.5,663189.545,4.5,205817.445
LTU,Lithuania,Male,2005,42.1,529833.973,0,0
CZE,Czechia,Female,2018,17.9,819182.402,3.3,151022.454
CZE,Czechia,Female,2019,15.2,696607.64,3.6,164986.02
CZE,Czechia,Female,2020,12.2,559924.368,3.5,160634.04
CZE,Czechia,Female,2021,13.3,598888.094,6,270175.08
LTU,Lithuania,Male,2014,33.9,383728.677,0,0
LTU,Lithuania,Male,2019,29.9,323984.141,2.5,27088.975
IRL,Ireland,Female,2002,27,423266.85,0,0
IRL,Ireland,Female,2007,22,385782.54,0,0
IRL,Ireland,Female,2015,17,319619.72,3,56403.48
IRL,Ireland,Female,2016,17,323294.44,3,57051.96
IRL,Ireland,Female,2017,17,327758.3,3,57839.7
IRL,Ireland,Female,2018,15,293757.9,4,78335.44
IRL,Ireland,Female,2019,12,238928.76,5,99553.65
IRL,Ireland,Female,2021,14,286130.88,3,61313.76
IRL,Ireland,Female,2022,12,251247.84,5,104686.6
SWE,Sweden,Total,2000,18.9,1367767.107,0,0
SWE,Sweden,Total,2001,18.9,1374110.514,0,0
SWE,Sweden,Total,2002,17.5,1279050.5,0,0
SWE,Sweden,Total,2003,17.2,1264676.784,0,0
SWE,Sweden,Total,2004,15.9,1176957.273,0,0
SWE,Sweden,Total,2005,15.7,1170809.916,0,0
SWE,Sweden,Total,2006,15.2,1143849.096,0,0
SWE,Sweden,Total,2007,13.8,1049135.616,0,0
SWE,Sweden,Total,2008,14.6,1120925.074,0,0
SWE,Sweden,Total,2009,14,1085362.46,0,0
SWE,Sweden,Total,2010,13.6,1063646.616,0,0
SWE,Sweden,Total,2011,13.1,1031572.731,0,0
SWE,Sweden,Total,2012,12.8,1013928.192,0,0
SWE,Sweden,Total,2013,10.7,852939.372,0,0
SWE,Sweden,Total,2014,11.9,955812.76,0,0
SWE,Sweden,Total,2015,11.2,907154.752,0,0
SWE,Sweden,Total,2016,10.9,892057.962,0,0
SWE,Sweden,Total,2017,10.4,861105.544,0,0
SWE,Sweden,Total,2018,10.1,845169.313,1.7,142256.221
SWE,Sweden,Total,2019,10.4,878967.752,0,0
SWE,Sweden,Total,2020,9.5,809127.825,1,85171.35
SWE,Sweden,Total,2021,9.7,832004.017,0.9,77196.249
FRA,France,Female,2000,26.4,6760572.72,0,0
FRA,France,Female,2005,23.2,6212432.2,0,0
FRA,France,Female,2010,26.6,7325340.75,0,0
FRA,France,Female,2014,24.4,6870843.824,2.3,647661.508
FRA,France,Female,2015,25.8,7301873.172,0,0
FRA,France,Female,2016,26,7393515.22,1.9,540295.343
FRA,France,Female,2017,24.2,6914192.406,2.1,599991.903
FRA,France,Female,2018,22.9,6577176.326,3,861638.82
FRA,France,Female,2019,20.7,5975738.307,3.4,981522.234
FRA,France,Female,2020,22,6380250.14,0,0
FRA,France,Female,2021,23,6703477.88,4.4,1282404.464
GBR,United Kingdom,Total,2000,27,12874256.1,0,0
GBR,United Kingdom,Total,2001,26.9,12913714.88,0,0
GBR,United Kingdom,Total,2002,25.9,12517336.36,0,0
GBR,United Kingdom,Total,2003,26,12651671.76,0,0
GBR,United Kingdom,Total,2004,24.6,12056941.67,0,0
GBR,United Kingdom,Total,2005,23.9,11832134.52,0,0
GBR,United Kingdom,Total,2006,22,10990778.7,0,0
GBR,United Kingdom,Total,2007,20.9,10540749.26,0,0
GBR,United Kingdom,Total,2008,21.1,10737078.93,0,0
GBR,United Kingdom,Total,2009,21,10768428.3,0,0
GBR,United Kingdom,Total,2010,20.3,10496373.01,0,0
GBR,United Kingdom,Total,2011,19.8,10329450.52,0,0
GBR,United Kingdom,Total,2012,20.4,10708227.24,0,0
GBR,United Kingdom,Total,2013,19.2,10137300.48,0,0
GBR,United Kingdom,Total,2014,18.8,9999574.864,3.7,1968001.436
GBR,United Kingdom,Total,2015,17.8,9537105.61,4.5,2411066.025
GBR,United Kingdom,Total,2016,16.1,8689366.742,5.6,3022388.432
GBR,United Kingdom,Total,2017,16.8,9111086.208,5.5,2982796.08
GBR,United Kingdom,Total,2018,16.6,9051001.264,6.3,3435018.552
GBR,United Kingdom,Total,2019,15.8,8664060.508,5.7,3125642.082
GBR,United Kingdom,Total,2020,14.5,7990424.665,3.8,2094042.326
GBR,United Kingdom,Total,2021,12.7,7045609.861,4.9,2718384.907
COL,Colombia,Female,2008,11.1,1770896.775,0,0
COL,Colombia,Female,2013,7.4,1287928.19,0,0
ISL,Iceland,Female,2000,22,23852.62,0,0
ISL,Iceland,Female,2001,22.1,24319.724,0,0
ISL,Iceland,Female,2002,20.4,22703.364,0,0
ISL,Iceland,Female,2003,19.2,21577.728,0,0
ISL,Iceland,Female,2004,18.6,21137.598,0,0
ISL,Iceland,Female,2005,19.2,22179.072,0,0
ISL,Iceland,Female,2006,17,20034.16,0,0
ISL,Iceland,Female,2007,17.6,21224.72,0,0
ISL,Iceland,Female,2008,15,18515.85,0,0
ISL,Iceland,Female,2009,15.2,18987.232,0,0
ISL,Iceland,Female,2010,13.9,17443.249,0,0
ISL,Iceland,Female,2011,14.2,17936.588,0,0
ISL,Iceland,Female,2012,12.8,16298.752,0,0
ISL,Iceland,Female,2013,12.1,15574.878,0,0
ISL,Iceland,Female,2014,13,16943.55,0,0
ISL,Iceland,Female,2015,11,14509.66,0,0
ISL,Iceland,Female,2016,10.8,14433.228,1.8,2405.538
ISL,Iceland,Female,2017,9.7,13216.541,3.3,4496.349
ISL,Iceland,Female,2018,9.1,12697.23,3.9,5441.67
ISL,Iceland,Female,2019,8.4,11976.552,4.2,5988.276
ISL,Iceland,Female,2020,7.9,11465.349,4.1,5950.371
ISL,Iceland,Female,2021,6.8,10049.04,4.2,6206.76
ISL,Iceland,Female,2022,6.4,9695.488,5.1,7726.092
CHE,Switzerland,Total,2002,26.5,1606322.145,0,0
CHE,Switzerland,Total,2007,20.4,1299804.972,0,0
CHE,Switzerland,Total,2012,20.4,1387043.94,0,0
CHE,Switzerland,Total,2017,19.1,1373253.71,1.4,100657.34
LVA,Latvia,Female,2008,13,133661.84,0,0
LVA,Latvia,Female,2014,14.6,136572.488,0,0
LVA,Latvia,Female,2019,12.3,108613.428,1.8,15894.648
FRA,France,Male,2000,33.7,7929778.5,0,0
FRA,France,Male,2005,32,7831754.24,0,0
FRA,France,Male,2010,33.1,8342638.195,0,0
FRA,France,Male,2014,32.9,8484142.443,3.5,902568.345
FRA,France,Male,2015,33.1,8573747.691,0,0
FRA,France,Male,2016,33,8581926.54,3,780175.14
FRA,France,Male,2017,29.8,7783253.102,3.2,835785.568
FRA,France,Male,2018,28.2,7406502.708,4.5,1181888.73
FRA,France,Male,2019,27.5,7263430.9,5.2,1373448.752
FRA,France,Male,2020,29.1,7723599.489,0,0
FRA,France,Male,2021,27.8,7416458.424,5.7,1520640.756
NZL,New Zealand,Total,2000,25,744750,0,0
NZL,New Zealand,Total,2001,25,750820,0,0
NZL,New Zealand,Total,2002,25,766220,0,0
NZL,New Zealand,Total,2003,23,721560.6,0,0
NZL,New Zealand,Total,2004,22,702776.8,0,0
NZL,New Zealand,Total,2005,22.5,729816.75,0,0
NZL,New Zealand,Total,2006,20.7,682319.61,0,0
NZL,New Zealand,Total,2007,18.1,603191.55,0,0
NZL,New Zealand,Total,2012,16.4,573704.8,0,0
NZL,New Zealand,Total,2013,15.8,558261.4,0.1,3533.3
NZL,New Zealand,Total,2014,15.9,573156.84,0,0
NZL,New Zealand,Total,2015,15.1,557677.73,0,0
NZL,New Zealand,Total,2016,14.5,549471.7,1.4,53052.44
NZL,New Zealand,Total,2017,14.1,546627.39,0,0
NZL,New Zealand,Total,2018,13.3,525909.93,3.9,154214.19
NZL,New Zealand,Total,2019,12.9,518992.8,4.8,193113.6
NZL,New Zealand,Total,2020,11.9,490719.11,5.3,218555.57
NZL,New Zealand,Total,2021,9.4,389487.12,8.2,339765.36
NZL,New Zealand,Total,2022,8,332778.4,10.3,428452.19
SVN,Slovenia,Female,2007,15.5,137605.745,0,0
SVN,Slovenia,Female,2014,16,142934.56,0,0
SVN,Slovenia,Female,2019,15.6,138942.648,1.3,11578.554
CHL,Chile,Female,2003,28.5,1719634.71,0,0
CHL,Chile,Female,2009,26,1745300.18,0,0
CHL,Chile,Female,2016,20.9,1548856.573,1,74107.97
CHL,Chile,Female,2020,17.5,1404272.275,0.5,40122.065
DNK,Denmark,Female,2000,29,643416.33,0,0
DNK,Denmark,Female,2001,25.5,566461.845,0,0
DNK,Denmark,Female,2002,26,578636.76,0,0
DNK,Denmark,Female,2003,25,557118,0,0
DNK,Denmark,Female,2004,23,513687.75,0,0
DNK,Denmark,Female,2005,24,537688.32,0,0
DNK,Denmark,Female,2006,23,517458.14,0,0
DNK,Denmark,Female,2007,21,474905.13,0,0
DNK,Denmark,Female,2008,22,501001.82,0,0
DNK,Denmark,Female,2009,17,389902.14,0,0
DNK,Denmark,Female,2010,19.3,445662.669,0,0
DNK,Denmark,Female,2013,15.5,364456.15,0,0
DNK,Denmark,Female,2017,15.4,373633.106,2.1,50949.969
DNK,Denmark,Female,2021,12.7,314831.73,2,49579.8
LTU,Lithuania,Total,2005,24.5,676993.555,0,0
LTU,Lithuania,Total,2014,20.3,508432.176,0,0
LTU,Lithuania,Total,2019,18.9,448277.193,1.6,37949.392
DNK,Denmark,Total,2000,30.5,1326722.55,0,0
DNK,Denmark,Total,2001,29.5,1285004.365,0,0
DNK,Denmark,Total,2002,28,1222367.72,0,0
DNK,Denmark,Total,2003,28,1224455.68,0,0
DNK,Denmark,Total,2004,26,1139846.24,0,0
DNK,Denmark,Total,2005,26,1143812.54,0,0
DNK,Denmark,Total,2006,25,1105144.75,0,0
DNK,Denmark,Total,2007,24,1067162.16,0,0
DNK,Denmark,Total,2008,23,1030636.67,0,0
DNK,Denmark,Total,2009,19,857812.38,0,0
DNK,Denmark,Total,2010,20.9,950091.01,0,0
DNK,Denmark,Total,2013,17,788036.02,0,0
DNK,Denmark,Total,2017,16.9,811255.939,2.5,120008.275
DNK,Denmark,Total,2021,13.9,681598.732,2.3,112782.524
POL,Poland,Total,2001,27.6,8578423.068,0,0
POL,Poland,Total,2004,26.3,8337278.314,0,0
POL,Poland,Total,2009,23.8,7696401.16,0,0
POL,Poland,Total,2014,22.7,7427202.785,0,0
POL,Poland,Total,2019,17.1,5559893.487,0,0
NOR,Norway,Female,2000,32,585424.64,0,0
NOR,Norway,Female,2001,29,532708.25,0,0
NOR,Norway,Female,2002,30,554064.6,0,0
NOR,Norway,Female,2003,25,464724,0,0
NOR,Norway,Female,2004,25,468016.75,0,0
NOR,Norway,Female,2005,24,453050.88,0,0
NOR,Norway,Female,2006,24,457176.24,0,0
NOR,Norway,Female,2007,22,423315.86,0,0
NOR,Norway,Female,2008,22,428331.86,0,0
NOR,Norway,Female,2009,20,394315.6,0,0
NOR,Norway,Female,2010,19,379409.1,0,0
NOR,Norway,Female,2011,18,364169.52,0,0
NOR,Norway,Female,2012,16,327952.96,0,0
NOR,Norway,Female,2013,14,290522.12,0,0
NOR,Norway,Female,2014,13,272962.82,0,0
NOR,Norway,Female,2015,13,275942.03,3.2,67924.192
NOR,Norway,Female,2016,11,235702.94,2.7,57854.358
NOR,Norway,Female,2017,10,216113.2,2.9,62672.828
NOR,Norway,Female,2018,11,239700.89,2.9,63193.871
NOR,Norway,Female,2019,9,197849.07,2.9,63751.367
NOR,Norway,Female,2020,9,199450.98,2.6,57619.172
NOR,Norway,Female,2021,9,200973.24,2.1,46893.756
NOR,Norway,Female,2022,8,180810.64,2,45202.66
ISL,Iceland,Male,2000,22.8,24466.224,0,0
ISL,Iceland,Male,2001,23.7,25803.138,0,0
ISL,Iceland,Male,2002,21.9,24097.446,0,0
ISL,Iceland,Male,2003,24.9,27687.306,0,0
ISL,Iceland,Male,2004,21.1,23797.002,0,0
ISL,Iceland,Male,2005,19.3,22343.224,0,0
ISL,Iceland,Male,2006,20.7,24949.089,0,0
ISL,Iceland,Male,2007,20.4,25550.388,0,0
ISL,Iceland,Male,2008,20.1,25664.484,0,0
ISL,Iceland,Male,2009,15.7,19946.222,0,0
ISL,Iceland,Male,2010,14.5,18271.16,0,0
ISL,Iceland,Male,2011,14.4,18181.008,0,0
ISL,Iceland,Male,2012,14.9,18924.788,0,0
ISL,Iceland,Male,2013,10.7,13739.335,0,0
ISL,Iceland,Male,2014,12.1,15746.94,0,0
ISL,Iceland,Male,2015,10.7,14138.98,0,0
ISL,Iceland,Male,2016,9.5,12836.115,3.9,5269.563
ISL,Iceland,Male,2017,9.1,12743.276,4.5,6301.62
ISL,Iceland,Male,2018,8.1,11792.142,5,7279.1
ISL,Iceland,Male,2019,8.1,12146.922,4.4,6598.328
ISL,Iceland,Male,2020,6.7,10232.575,3.9,5956.275
ISL,Iceland,Male,2021,7.5,11650.875,4.4,6835.18
ISL,Iceland,Male,2022,6,9617.64,4.1,6572.054
ITA,Italy,Total,2000,24.4,11909364.04,0,0
ITA,Italy,Total,2001,24.1,11777086.3,0,0
ITA,Italy,Total,2002,24,11754030.24,0,0
ITA,Italy,Total,2003,24.2,11919796.64,0,0
ITA,Italy,Total,2005,22.3,11138206.65,0,0
ITA,Italy,Total,2006,23,11535164.93,0,0
ITA,Italy,Total,2007,22.4,11305916.83,0,0
ITA,Italy,Total,2008,22.4,11395250.5,0,0
ITA,Italy,Total,2009,23.3,11920731.79,0,0
ITA,Italy,Total,2010,23.1,11871508.11,0,0
ITA,Italy,Total,2011,22.5,11607700.73,0,0
ITA,Italy,Total,2012,22.1,11438190.7,0,0
ITA,Italy,Total,2013,21.1,10950140.19,0,0
ITA,Italy,Total,2014,19.7,10236219.68,1.5,779407.59
ITA,Italy,Total,2015,19.8,10287191.57,1.2,623466.156
ITA,Italy,Total,2016,20,10389195,1.3,675297.675
ITA,Italy,Total,2017,19.9,10336691.83,2.1,1090806.675
ITA,Italy,Total,2018,19.2,9972467.52,2.3,1194618.505
ITA,Italy,Total,2019,18.6,9658860.03,2.6,1350163.23
ITA,Italy,Total,2020,18.8,9730277.272,2.5,1293919.85
ITA,Italy,Total,2021,19.1,9849870.382,2.9,1495530.058
CZE,Czechia,Total,2002,24.1,2071587.077,0,0
CZE,Czechia,Total,2003,27.2,2347469.344,0,0
CZE,Czechia,Total,2004,25.4,2201571.924,0,0
CZE,Czechia,Total,2005,24.3,2118979.197,0,0
CZE,Czechia,Total,2006,23.4,2053688.832,0,0
CZE,Czechia,Total,2007,24,2123083.92,0,0
CZE,Czechia,Total,2008,21.8,1951115.26,0,0
CZE,Czechia,Total,2009,23.8,2142826.098,0,0
CZE,Czechia,Total,2010,22.8,2054542.656,0,0
CZE,Czechia,Total,2011,21.7,1945364.421,0,0
CZE,Czechia,Total,2012,22.9,2051510.927,0,0
CZE,Czechia,Total,2013,22.2,1985141.982,0,0
CZE,Czechia,Total,2014,22.3,1992631.664,0,0
CZE,Czechia,Total,2015,18.2,1625394.498,0,0
CZE,Czechia,Total,2016,19.6,1750268.632,0,0
CZE,Czechia,Total,2017,18.4,1643278.976,5.2,464404.928
CZE,Czechia,Total,2018,21.1,1887349.002,4.6,411459.972
CZE,Czechia,Total,2019,18.1,1623189.719,4.9,439427.051
CZE,Czechia,Total,2020,16.6,1491528.426,4.8,431285.328
CZE,Czechia,Total,2021,17.6,1550973.248,7.4,652113.752
HUN,Hungary,Male,2000,38.2,1521416.612,0,0
HUN,Hungary,Male,2003,36.9,1469126.268,0,0
HUN,Hungary,Male,2009,31.9,1275439.836,0,0
HUN,Hungary,Male,2014,31.6,1253605.18,0.9,35703.945
HUN,Hungary,Male,2019,27.7,1093707.631,2.7,106606.881
FIN,Finland,Total,2000,23.4,991349.424,0,0
FIN,Finland,Total,2001,23.8,1012462.472,0,0
FIN,Finland,Total,2002,23.4,999483.966,0,0
FIN,Finland,Total,2003,22.2,952259.676,0,0
FIN,Finland,Total,2004,23,991493.89,0,0
FIN,Finland,Total,2005,21.8,945110.224,0,0
FIN,Finland,Total,2006,21.4,933515.722,0,0
FIN,Finland,Total,2007,20.6,904511.804,0,0
FIN,Finland,Total,2008,20.4,901785.876,0,0
FIN,Finland,Total,2009,18.6,827537.25,0,0
FIN,Finland,Total,2010,19,850315.17,0,0
FIN,Finland,Total,2011,17.8,800989.498,0,0
FIN,Finland,Total,2012,17,769042.43,0,0
FIN,Finland,Total,2013,15.8,718231.344,0,0
FIN,Finland,Total,2014,15.4,703116.722,0,0
FIN,Finland,Total,2015,17.4,797479.236,0,0
FIN,Finland,Total,2016,15,690029.4,6.5,299012.74
FIN,Finland,Total,2017,13,600067.91,2.3,106165.861
FIN,Finland,Total,2018,14,648087.16,2.2,101842.268
FIN,Finland,Total,2019,13,603846.1,2.2,102189.34
FIN,Finland,Total,2020,12,559631.52,1.7,79281.132
GRC,Greece,Male,2000,44,1981136.96,0,0
GRC,Greece,Male,2004,46,2098003.42,0,0
GRC,Greece,Male,2006,49.9,2296374.048,0,0
GRC,Greece,Male,2008,46.3,2140738.375,0,0
GRC,Greece,Male,2009,38,1758663.18,0,0
GRC,Greece,Male,2014,33.8,1513197.946,0,0
GRC,Greece,Male,2019,31.3,1384877.577,2.3,101764.167
ISL,Iceland,Total,2000,22.4,48323.296,0,0
ISL,Iceland,Total,2001,22.9,50132.222,0,0
ISL,Iceland,Total,2002,21.1,46699.575,0,0
ISL,Iceland,Total,2003,21.9,48963.582,0,0
ISL,Iceland,Total,2004,19.8,44832.15,0,0
ISL,Iceland,Total,2005,19.2,44406.528,0,0
ISL,Iceland,Total,2006,18.8,44814.5,0,0
ISL,Iceland,Total,2007,19,46709.98,0,0
ISL,Iceland,Total,2008,17.6,44197.648,0,0
ISL,Iceland,Total,2009,15.4,38802.148,0,0
ISL,Iceland,Total,2010,14.2,35712.858,0,0
ISL,Iceland,Total,2011,14.3,36117.653,0,0
ISL,Iceland,Total,2012,13.8,35099.748,0,0
ISL,Iceland,Total,2013,11.4,29312.022,0,0
ISL,Iceland,Total,2014,12.6,32819.85,0,0
ISL,Iceland,Total,2015,10.9,28781.014,0,0
ISL,Iceland,Total,2016,10.2,27413.316,2.8,7525.224
ISL,Iceland,Total,2017,9.4,25971.166,3.9,10775.271
ISL,Iceland,Total,2018,8.6,24519.632,4.5,12830.04
ISL,Iceland,Total,2019,8.2,23988.28,4.3,12579.22
ISL,Iceland,Total,2020,7.3,21743.488,4,11914.24
ISL,Iceland,Total,2021,7.2,21825,4.3,13034.375
ISL,Iceland,Total,2022,6.2,19334.886,4.6,14345.238
AUT,Austria,Total,2006,23.2,1615599.744,0,0
AUT,Austria,Total,2014,24.3,1779272.973,0,0
AUT,Austria,Total,2019,20.6,1565045.654,0.7,53181.163
NOR,Norway,Male,2000,31,546512.95,0,0
NOR,Norway,Male,2001,30,531736.8,0,0
NOR,Norway,Male,2002,29,517058.11,0,0
NOR,Norway,Male,2003,27,484792.02,0,0
NOR,Norway,Male,2004,27,488677.05,0,0
NOR,Norway,Male,2005,26,475153.64,0,0
NOR,Norway,Male,2006,23,425361.77,0,0
NOR,Norway,Male,2007,22,413234.36,0,0
NOR,Norway,Male,2008,21,401405.13,0,0
NOR,Norway,Male,2009,21,407855.49,0,0
NOR,Norway,Male,2010,19,374802.74,0,0
NOR,Norway,Male,2011,17,341238.45,0,0
NOR,Norway,Male,2012,16,326942.24,0,0
NOR,Norway,Male,2013,15,311384.55,0,0
NOR,Norway,Male,2014,14,294853.3,0,0
NOR,Norway,Male,2015,13,277432.09,3.4,72559.162
NOR,Norway,Male,2016,13,280483.58,3.8,81987.508
NOR,Norway,Male,2017,12,261301.08,3.1,67502.779
NOR,Norway,Male,2018,12,263504.52,3.3,72463.743
NOR,Norway,Male,2019,9,199532.52,3.3,73161.924
NOR,Norway,Male,2020,9,201374.1,3.2,71599.68
NOR,Norway,Male,2021,6,135389.64,3.2,72207.808
NOR,Norway,Male,2022,7,159667.83,2.5,57024.225
POL,Poland,Female,2001,19.5,3162820.83,0,0
POL,Poland,Female,2004,19.3,3192603.298,0,0
POL,Poland,Female,2009,17.9,3024792.478,0,0
POL,Poland,Female,2014,17.2,2933342.008,0,0
POL,Poland,Female,2019,14.1,2391243.111,0,0
CRI,Costa Rica,Male,2000,18.7,247396.886,0,0
CRI,Costa Rica,Male,2006,23,358860.72,0,0
CRI,Costa Rica,Male,2007,22.1,352902.745,0,0
CRI,Costa Rica,Male,2008,21.2,346444.04,0,0
CRI,Costa Rica,Male,2009,20.3,339104.801,0,0
CRI,Costa Rica,Male,2010,19.4,331038.108,0,0
CRI,Costa Rica,Male,2011,18.7,325711.925,0,0
CRI,Costa Rica,Male,2012,18.1,321203.686,0,0
CRI,Costa Rica,Male,2013,17.4,314245.914,0,0
CRI,Costa Rica,Male,2014,16.8,308639.352,0,0
CRI,Costa Rica,Male,2015,16.1,300898.213,0,0
CRI,Costa Rica,Male,2016,15.3,290553.426,0,0
CRI,Costa Rica,Male,2017,14.5,279498.375,0,0
CRI,Costa Rica,Male,2018,13.8,269614.326,0,0
CRI,Costa Rica,Male,2019,13,257438.09,0,0
CRI,Costa Rica,Male,2020,12.2,244713.822,0,0
CRI,Costa Rica,Male,2021,11.5,233584.205,0,0
CRI,Costa Rica,Male,2022,10.5,215873.91,6.3,129524.346
LVA,Latvia,Male,2008,46.3,390460.401,0,0
LVA,Latvia,Male,2014,37,282052.85,0,0
LVA,Latvia,Male,2019,35.2,255430.208,4.7,34105.738
TUR,Turkey,Total,2003,32.1,15406950.33,0,0
TUR,Turkey,Total,2006,33.4,16932445.3,0,0
TUR,Turkey,Total,2008,27.4,14340118.53,0,0
TUR,Turkey,Total,2010,25.4,13785393.31,0,0
TUR,Turkey,Total,2012,23.8,13400342,0,0
TUR,Turkey,Total,2014,27.3,15922935.48,0,0
TUR,Turkey,Total,2016,26.5,15998571.52,0,0
TUR,Turkey,Total,2019,28,17746710.52,0,0
FIN,Finland,Male,2000,27.3,558720.162,0,0
FIN,Finland,Male,2001,28.2,579988.836,0,0
FIN,Finland,Male,2002,27.5,568382.65,0,0
FIN,Finland,Male,2003,25.7,533891.8,0,0
FIN,Finland,Male,2004,27.1,566172.387,0,0
FIN,Finland,Male,2005,26,546614.9,0,0
FIN,Finland,Male,2006,24.4,516464.308,0,0
FIN,Finland,Male,2007,25.8,550043.1,0,0
FIN,Finland,Male,2008,24,515590.08,0,0
FIN,Finland,Male,2009,21.9,473884.902,0,0
FIN,Finland,Male,2010,23.2,505297.16,0,0
FIN,Finland,Male,2011,21.9,479952.516,0,0
FIN,Finland,Male,2012,20.9,460784.39,0,0
FIN,Finland,Male,2013,19.1,423433.439,0,0
FIN,Finland,Male,2014,17.2,383236.984,0,0
FIN,Finland,Male,2015,18.7,418590.524,0,0
FIN,Finland,Male,2016,16,359895.2,8.3,186695.635
FIN,Finland,Male,2017,15,338951.4,2.9,65530.604
FIN,Finland,Male,2018,15,340210.95,3.1,70310.263
FIN,Finland,Male,2019,16,364404.64,3.4,77435.986
FIN,Finland,Male,2020,14,320365.5,2.2,50343.15
GRC,Greece,Total,2000,35,3229907.1,0,0
GRC,Greece,Total,2004,38.6,3586540.616,0,0
GRC,Greece,Total,2006,40,3754734.8,0,0
GRC,Greece,Total,2008,39.7,3754337.293,0,0
GRC,Greece,Total,2009,31.9,3024588.611,0,0
GRC,Greece,Total,2014,27.3,2539829.019,0,0
GRC,Greece,Total,2019,24.9,2288131.965,1.8,165407.13
USA,United States,Female,2000,17.3,19770896.03,0,0
USA,United States,Female,2001,17.1,19748697.66,0,0
USA,United States,Female,2002,16.5,19250327.75,0,0
USA,United States,Female,2003,15.7,18498744.96,0,0
USA,United States,Female,2004,15.1,17969887.28,0,0
USA,United States,Female,2005,14.9,17923067.26,0,0
USA,United States,Female,2006,14.5,17627347.1,0,0
USA,United States,Female,2007,13.7,16830123.39,0,0
USA,United States,Female,2008,15.1,18726280.7,0,0
USA,United States,Female,2009,14.4,18014918.83,0,0
USA,United States,Female,2010,13.6,17315423.85,0,0
USA,United States,Female,2011,13.3,17083307.09,0,0
USA,United States,Female,2012,12.5,16197111.25,0,0
USA,United States,Female,2013,11.9,15548147.06,0,0
USA,United States,Female,2014,11.8,15553076.14,3.4,4481394.82
USA,United States,Female,2015,10.7,14227818.36,2.6,3457226.89
USA,United States,Female,2016,10.5,14083730.12,2.6,3487399.838
USA,United States,Female,2017,9.5,12840616.2,2.4,3243945.144
USA,United States,Female,2018,9.1,12385068.06,2.3,3130291.927
USA,United States,Female,2019,10,13699020.6,3.5,4794657.21
USA,United States,Female,2020,8.6,11816724.48,2.8,3847305.644
USA,United States,Female,2021,8,11043656.8,4,5521828.4
LVA,Latvia,Total,2008,28.1,525890.095,0,0
LVA,Latvia,Total,2014,24.6,417642.318,0,0
LVA,Latvia,Total,2019,22.6,363563.94,3,48260.7
ITA,Italy,Male,2000,31.9,7462753.947,0,0
ITA,Italy,Male,2001,31.6,7400260.536,0,0
ITA,Italy,Male,2002,31.3,7346444.597,0,0
ITA,Italy,Male,2003,31.4,7414421.398,0,0
ITA,Italy,Male,2005,28.7,6877589.936,0,0
ITA,Italy,Male,2006,29.2,7025708.924,0,0
ITA,Italy,Male,2007,28.6,6923222.878,0,0
ITA,Italy,Male,2008,28.9,7048618.676,0,0
ITA,Italy,Male,2009,29.9,7331456.08,0,0
ITA,Italy,Male,2010,29.6,7286928.296,0,0
ITA,Italy,Male,2011,28.7,7090697.194,0,0
ITA,Italy,Male,2012,28.1,6968120.542,0,0
ITA,Italy,Male,2013,26.7,6644146.014,0,0
ITA,Italy,Male,2014,24.8,6182854.272,2.1,523548.144
ITA,Italy,Male,2015,24.9,6212913.54,1.6,399223.36
ITA,Italy,Male,2016,25.1,6270400.174,1.6,399706.784
ITA,Italy,Male,2017,25.1,6280301.371,2.9,725612.509
ITA,Italy,Male,2018,23.5,5889113.16,3.2,801921.792
ITA,Italy,Male,2019,22.7,5692601.807,3.4,852636.394
ITA,Italy,Male,2020,22.5,5626310.4,3.1,775180.544
ITA,Italy,Male,2021,23.1,5763960.048,3.4,848375.072
CZE,Czechia,Male,2002,30.9,1279690.437,0,0
CZE,Czechia,Male,2003,32.2,1340130.19,0,0
CZE,Czechia,Male,2004,31.1,1300534.824,0,0
CZE,Czechia,Male,2005,29.8,1255688.56,0,0
CZE,Czechia,Male,2006,27.7,1176563.04,0,0
CZE,Czechia,Male,2007,29.6,1269819.576,0,0
CZE,Czechia,Male,2008,24.9,1084013.781,0,0
CZE,Czechia,Male,2009,29.7,1302779.214,0,0
CZE,Czechia,Male,2010,29.3,1285667.885,0,0
CZE,Czechia,Male,2011,24.7,1078620.348,0,0
CZE,Czechia,Male,2012,26.3,1148031.294,0,0
CZE,Czechia,Male,2013,27.2,1185071.904,0,0
CZE,Czechia,Male,2014,26.4,1149419.304,0,0
CZE,Czechia,Male,2015,21.8,949017.874,0,0
CZE,Czechia,Male,2016,23.8,1036362.432,0,0
CZE,Czechia,Male,2017,22.6,984714.318,5.9,257071.437
CZE,Czechia,Male,2018,24.5,1070244.28,5.9,257732.296
CZE,Czechia,Male,2019,21.1,925225.294,6.2,271867.148
CZE,Czechia,Male,2020,21.2,931860.204,6.1,268129.587
CZE,Czechia,Male,2021,22,948074.6,8.8,379229.84
PRT,Portugal,Total,2006,18.6,1647830.544,0,0
PRT,Portugal,Total,2014,16.8,1496028.576,1,89049.32
PRT,Portugal,Total,2019,14.2,1271584.156,1.6,143277.088
KOR,South Korea,Total,2001,26.1,9792122.832,0,0
KOR,South Korea,Total,2005,25.9,10090976.96,0,0
KOR,South Korea,Total,2007,24,9592621.44,0,0
KOR,South Korea,Total,2008,26.3,10671457.76,0,0
KOR,South Korea,Total,2009,25.6,10516114.18,0,0
KOR,South Korea,Total,2010,22.9,9520600.117,0,0
KOR,South Korea,Total,2011,23.2,9782321.296,0,0
KOR,South Korea,Total,2012,21.6,9206486.352,0,0
KOR,South Korea,Total,2013,19.9,8564294.544,0,0
KOR,South Korea,Total,2014,20,8706593.2,0,0
KOR,South Korea,Total,2015,17.3,7609416.072,0,0
KOR,South Korea,Total,2016,18.4,8160996.16,0,0
KOR,South Korea,Total,2017,17.5,7811584.9,0,0
KOR,South Korea,Total,2018,17.5,7873250.7,0,0
KOR,South Korea,Total,2019,16.4,7431945.688,2.6,1178235.292
KOR,South Korea,Total,2020,15.9,7239328.671,2.6,1183789.594
KOR,South Korea,Total,2021,15.4,7022591.268,2.5,1140031.05
MEX,Mexico,Total,2000,12.4,8054506.924,0,0
MEX,Mexico,Total,2002,14.6,9885667.154,0,0
MEX,Mexico,Total,2006,13,9553598.99,0,0
MEX,Mexico,Total,2008,10.8,8289830.088,0,0
MEX,Mexico,Total,2009,7.6,5962362.716,0,0
MEX,Mexico,Total,2011,10.3,8420269.879,0,0
MEX,Mexico,Total,2012,11.8,9834405.206,0,0
MEX,Mexico,Total,2015,7.6,6678568.02,0,0
MEX,Mexico,Total,2016,6.4,5715783.808,0,0
MEX,Mexico,Total,2018,7.7,7092241.31,0,0
MEX,Mexico,Total,2020,7.4,7017429.916,0,0
MEX,Mexico,Total,2021,8.6,8269428.384,0,0
EST,Estonia,Total,2000,30.3,348656.04,0,0
EST,Estonia,Total,2002,28.3,325373.59,0,0
EST,Estonia,Total,2004,32.8,377145.88,0,0
EST,Estonia,Total,2006,27.8,318407.3,0,0
EST,Estonia,Total,2008,26.2,298166.48,0,0
EST,Estonia,Total,2010,26.2,295697.13,0,0
EST,Estonia,Total,2012,26,290286.36,1.2,13397.832
EST,Estonia,Total,2014,22.1,244367.214,5.8,64132.572
EST,Estonia,Total,2016,21.3,234995.019,3.8,41923.994
EST,Estonia,Total,2018,17.2,190172.144,3.7,40909.124
EST,Estonia,Total,2020,17.9,198849.847,3.8,42213.934
EST,Estonia,Total,2022,15.9,179348.979,10.4,117310.024
GBR,United Kingdom,Male,2000,28.5,6541040.7,0,0
GBR,United Kingdom,Male,2001,28.3,6549362.026,0,0
GBR,United Kingdom,Male,2002,26.8,6250672.272,0,0
GBR,United Kingdom,Male,2003,28,6581582,0,0
GBR,United Kingdom,Male,2004,26.4,6254954.376,0,0
GBR,United Kingdom,Male,2005,25.3,6060488.753,0,0
GBR,United Kingdom,Male,2006,23.2,5613942.728,0,0
GBR,United Kingdom,Male,2007,22.1,5404434.113,0,0
GBR,United Kingdom,Male,2008,21.6,5335381.44,0,0
GBR,United Kingdom,Male,2009,22,5479920.6,0,0
GBR,United Kingdom,Male,2010,20.9,5255645.252,0,0
GBR,United Kingdom,Male,2011,21,5335383.69,0,0
GBR,United Kingdom,Male,2012,22.2,5677523.682,0,0
GBR,United Kingdom,Male,2013,21.6,5560564.464,0,0
GBR,United Kingdom,Male,2014,20.4,5294424.444,4,1038122.44
GBR,United Kingdom,Male,2015,19.1,4998515.84,4.6,1203831.04
GBR,United Kingdom,Male,2016,17.7,4672144.923,6.3,1662966.837
GBR,United Kingdom,Male,2017,18.7,4961514.294,6.5,1724590.53
GBR,United Kingdom,Male,2018,17,4536787.79,7.7,2054897.999
GBR,United Kingdom,Male,2019,17.9,4805510.075,6.1,1637631.925
GBR,United Kingdom,Male,2020,15.3,4131741.438,4.7,1269227.762
GBR,United Kingdom,Male,2021,13.7,3684791.593,6.4,1721362.496
EST,Estonia,Female,2000,20,125385,0,0
EST,Estonia,Female,2002,17.5,109552.625,0,0
EST,Estonia,Female,2004,21.1,132006.875,0,0
EST,Estonia,Female,2006,19.5,121453.8,0,0
EST,Estonia,Female,2008,17.1,105797.7,0,0
EST,Estonia,Female,2010,18.7,114575.835,0,0
EST,Estonia,Female,2012,18.3,110792.592,0.7,4237.968
EST,Estonia,Female,2014,15.8,94544.198,4.3,25730.383
EST,Estonia,Female,2016,15.5,92255.845,2.1,12499.179
EST,Estonia,Female,2018,12.9,76567.176,2.2,13057.968
EST,Estonia,Female,2020,12.6,74732.112,2.4,14234.688
EST,Estonia,Female,2022,12.1,72697.526,9.5,57076.57
LUX,Luxembourg,Total,2001,26,93076.62,0,0
LUX,Luxembourg,Total,2002,26,94110.12,0,0
LUX,Luxembourg,Total,2003,28,102708.76,0,0
LUX,Luxembourg,Total,2004,27,100602,0,0
LUX,Luxembourg,Total,2005,23,87166.55,0,0
LUX,Luxembourg,Total,2006,21,81007.08,0,0
LUX,Luxembourg,Total,2007,21,82413.66,0,0
LUX,Luxembourg,Total,2008,20,80088.2,0,0
LUX,Luxembourg,Total,2009,19,77696.7,0,0
LUX,Luxembourg,Total,2010,18.3,76379.991,0,0
LUX,Luxembourg,Total,2011,16.9,72389.629,0,0
LUX,Luxembourg,Total,2012,16.8,73978.128,0,0
LUX,Luxembourg,Total,2013,15.7,70879.848,0,0
LUX,Luxembourg,Total,2014,15.3,70865.163,0,0
LUX,Luxembourg,Total,2015,15,71292.75,0,0
LUX,Luxembourg,Total,2016,14.9,72719.599,0,0
LUX,Luxembourg,Total,2017,16,79970.08,0,0
LUX,Luxembourg,Total,2018,14.5,73962.035,0,0
LUX,Luxembourg,Total,2019,16.8,87471.048,1.8,9371.898
LUX,Luxembourg,Total,2020,16.9,89515.413,0,0
LUX,Luxembourg,Total,2021,19.2,103301.76,0,0
LUX,Luxembourg,Total,2022,20.3,111520.892,0,0
MEX,Mexico,Female,2000,6.4,2149418.176,0,0
MEX,Mexico,Female,2002,7.5,2630005.725,0,0
MEX,Mexico,Female,2006,6.5,2480483.59,0,0
MEX,Mexico,Female,2008,6.1,2430203.888,0,0
MEX,Mexico,Female,2009,3.7,1505621.871,0,0
MEX,Mexico,Female,2011,5.5,2329862.095,0,0
MEX,Mexico,Female,2015,3.6,1637406.9,0,0
MEX,Mexico,Female,2016,3.1,1432655.576,0,0
MEX,Mexico,Female,2018,3.7,1762868.959,0,0
MEX,Mexico,Female,2020,2.9,1422156.346,0,0
MEX,Mexico,Female,2021,4.4,2187710.932,0,0
COL,Colombia,Male,2008,23.8,3535975.758,0,0
COL,Colombia,Male,2013,18.8,3047498.236,0,0
BEL,Belgium,Female,2001,19.9,870464.009,0,0
BEL,Belgium,Female,2004,19.7,875426.039,0,0
BEL,Belgium,Female,2008,17.7,810479.814,0,0
BEL,Belgium,Female,2013,16.4,777458.072,0,0
BEL,Belgium,Female,2018,12.1,586598.683,2.7,130893.921
BEL,Belgium,Male,2001,28.6,1174662.06,0,0
BEL,Belgium,Male,2004,28,1170736.56,0,0
BEL,Belgium,Male,2008,23.6,1019850.164,0,0
BEL,Belgium,Male,2013,21.6,970885.224,0,0
BEL,Belgium,Male,2018,18.9,874200.222,5.6,259022.288
NLD,Netherlands,Total,2000,32,4148469.12,0,0
NLD,Netherlands,Total,2001,28.8,3760787.232,0,0
NLD,Netherlands,Total,2002,27.6,3627952.104,0,0
NLD,Netherlands,Total,2003,26.7,3527712.135,0,0
NLD,Netherlands,Total,2004,25.4,3370488.052,0,0
NLD,Netherlands,Total,2005,25.2,3357469.08,0,0
NLD,Netherlands,Total,2006,25.2,3370372.992,0,0
NLD,Netherlands,Total,2007,23.1,3103375.044,0,0
NLD,Netherlands,Total,2008,23.3,3149274.833,0,0
NLD,Netherlands,Total,2009,22.6,3076403.078,0,0
NLD,Netherlands,Total,2010,20.9,2864427.764,0,0
NLD,Netherlands,Total,2011,20.8,2868571.056,0,0
NLD,Netherlands,Total,2012,18.4,2551651.832,0,0
NLD,Netherlands,Total,2013,18.5,2578979.92,0,0
NLD,Netherlands,Total,2014,19.1,2679049.849,0,0
NLD,Netherlands,Total,2015,19,2684035.76,0,0
NLD,Netherlands,Total,2016,18,2563118.1,3.5,498384.075
NLD,Netherlands,Total,2017,16.8,2412328.968,3.1,445132.131
NLD,Netherlands,Total,2018,15.5,2244462.31,3.2,463372.864
NLD,Netherlands,Total,2019,15.4,2250235.064,1.6,233790.656
NLD,Netherlands,Total,2020,14.4,2120052.24,1.1,161948.435
NLD,Netherlands,Total,2021,14.7,2178679.797,1.4,207493.314
USA,United States,Total,2000,19.1,42379570.87,0,0
USA,United States,Total,2001,18.7,41984996.53,0,0
USA,United States,Total,2002,18.4,41779437.99,0,0
USA,United States,Total,2003,17.5,40158874.53,0,0
USA,United States,Total,2004,17,39466094.32,0,0
USA,United States,Total,2005,16.9,39714586.46,0,0
USA,United States,Total,2006,16.7,39723154.9,0,0
USA,United States,Total,2007,15.4,37044637.17,0,0
USA,United States,Total,2008,16.5,40125786.03,0,0
USA,United States,Total,2009,16.1,39555115.63,0,0
USA,United States,Total,2010,15.1,37466832.72,0,0
USA,United States,Total,2011,14.8,37060199.74,0,0
USA,United States,Total,2012,14.2,35890528.97,0,0
USA,United States,Total,2013,13.7,34931189.35,0,0
USA,United States,Total,2014,12.9,33192666.6,3.7,9520377.241
USA,United States,Total,2015,11.4,29606809.58,3.5,9089809.96
USA,United States,Total,2016,11.8,30921954.4,3.2,8385614.752
USA,United States,Total,2017,10.5,27731901.75,2.8,7395173.8
USA,United States,Total,2018,10.3,27393763.82,3.2,8510683.904
USA,United States,Total,2019,10.9,29181132.07,4.5,12047256.36
USA,United States,Total,2020,9.4,25466591.77,3.7,10024083.99
USA,United States,Total,2021,8.8,23945074.3,4.5,12244640.27
SWE,Sweden,Male,2000,16.8,595975.968,0,0
SWE,Sweden,Male,2001,17.9,638432.677,0,0
SWE,Sweden,Male,2002,18.8,674644.58,0,0
SWE,Sweden,Male,2003,17.8,643125.57,0,0
SWE,Sweden,Male,2004,16.9,615177.407,0,0
SWE,Sweden,Male,2005,17.6,645919.648,0,0
SWE,Sweden,Male,2006,16.3,604318.425,0,0
SWE,Sweden,Male,2007,14.9,558917.178,0,0
SWE,Sweden,Male,2008,16.3,618209.122,0,0
SWE,Sweden,Male,2009,14.6,559575.222,0,0
SWE,Sweden,Male,2010,14.7,568883.532,0,0
SWE,Sweden,Male,2011,13.9,542071.644,0,0
SWE,Sweden,Male,2012,12.4,486759.892,0,0
SWE,Sweden,Male,2013,9.8,387428.594,0,0
SWE,Sweden,Male,2014,11.7,466635.546,0,0
SWE,Sweden,Male,2015,11.7,471274.245,0,0
SWE,Sweden,Male,2016,10.6,432256.446,0,0
SWE,Sweden,Male,2017,10.5,434020.44,0,0
SWE,Sweden,Male,2018,11,460108,1.9,79473.2
SWE,Sweden,Male,2019,10.1,427135.464,0,0
SWE,Sweden,Male,2020,10.2,434983.284,1.2,51174.504
SWE,Sweden,Male,2021,10.2,438178.74,0.9,38662.83
CHL,Chile,Total,2003,33,3874460.37,0,0
CHL,Chile,Total,2009,29.8,3900468.062,0,0
CHL,Chile,Total,2016,24.5,3546227.02,1.2,173692.752
CHL,Chile,Total,2020,17.6,2766767.872,0.9,141482.448
ISR,Israel,Total,2000,24.1,1082306.9,0,0
ISR,Israel,Total,2002,21.9,1030416.9,0,0
ISR,Israel,Total,2004,21.6,1053805.464,0,0
ISR,Israel,Total,2006,19.5,985618.53,0,0
ISR,Israel,Total,2008,18.7,985753.67,0,0
ISR,Israel,Total,2010,18.5,1015766.55,0,0
ISR,Israel,Total,2013,16.2,937674.954,0,0
ISR,Israel,Total,2014,17.1,1008184.707,0,0
ISR,Israel,Total,2016,19.6,1201560.556,0,0
ISR,Israel,Total,2017,16.9,1056298.672,0.3,18750.864
ISR,Israel,Total,2019,16.4,1066825.904,1.5,97575.54
LUX,Luxembourg,Female,2001,23,42143.82,0,0
LUX,Luxembourg,Female,2002,22,40741.14,0,0
LUX,Luxembourg,Female,2003,22,41248.68,0,0
LUX,Luxembourg,Female,2004,23,43732.2,0,0
LUX,Luxembourg,Female,2005,19,36704.39,0,0
LUX,Luxembourg,Female,2006,18,35363.34,0,0
LUX,Luxembourg,Female,2007,18,35945.46,0,0
LUX,Luxembourg,Female,2008,18,36628.2,0,0
LUX,Luxembourg,Female,2009,17,35268.71,0,0
LUX,Luxembourg,Female,2010,15.7,33192.94,0,0
LUX,Luxembourg,Female,2011,15.5,33535.955,0,0
LUX,Luxembourg,Female,2012,15.2,33707.824,0,0
LUX,Luxembourg,Female,2013,13.9,31536.459,0,0
LUX,Luxembourg,Female,2014,13.7,31845.65,0,0
LUX,Luxembourg,Female,2015,13.9,33104.935,0,0
LUX,Luxembourg,Female,2016,12.6,30772.728,0,0
LUX,Luxembourg,Female,2017,14,34981.66,0,0
LUX,Luxembourg,Female,2018,13.4,34124.976,0,0
LUX,Luxembourg,Female,2019,16,41554.56,1.2,3116.592
LUX,Luxembourg,Female,2020,16.1,42506.898,0,0
LUX,Luxembourg,Female,2021,17.4,46617.21,0,0
LUX,Luxembourg,Female,2022,19.4,53080.922,0,0
AUS,Australia,Total,2001,19.6,3001635.728,0,0
AUS,Australia,Total,2004,17.8,2841072.418,0,0
AUS,Australia,Total,2007,16.9,2835948.609,0,0
AUS,Australia,Total,2010,15.3,2728456.956,0,0
AUS,Australia,Total,2013,13,2437526.39,0,0
AUS,Australia,Total,2016,12.4,2432670.44,0.9,176564.79
AUS,Australia,Total,2019,11.2,2308091.52,2.1,432767.16
TUR,Turkey,Male,2003,51.1,12173775.8,0,0
TUR,Turkey,Male,2006,50.6,12749816.09,0,0
TUR,Turkey,Male,2008,43.8,11401132.55,0,0
TUR,Turkey,Male,2010,39,10555828.14,0,0
TUR,Turkey,Male,2012,37.3,10465635.49,0,0
TUR,Turkey,Male,2014,41.8,12142747.01,0,0
TUR,Turkey,Male,2016,40.1,12058999.12,0,0
TUR,Turkey,Male,2019,41.3,13041509.57,0,0
SVK,Slovakia,Male,2003,32.8,695129.416,0,0
SVK,Slovakia,Male,2009,27.1,597801.339,0,0
SVK,Slovakia,Male,2014,30.4,673315.92,0,0
SVK,Slovakia,Male,2019,26.9,597639.452,1.3,28882.204
IRL,Ireland,Total,2002,27,834239.25,0,0
IRL,Ireland,Total,2007,24,837998.64,0,0
IRL,Ireland,Total,2015,19,700355.58,3,110582.46
IRL,Ireland,Total,2016,19,709481.47,3,112023.39
IRL,Ireland,Total,2017,18,681383.88,4,151418.64
IRL,Ireland,Total,2018,17,654208.11,4,153931.32
IRL,Ireland,Total,2019,14,547760.08,5,195628.6
IRL,Ireland,Total,2021,16,642544.64,4,160636.16
IRL,Ireland,Total,2022,14,573898.5,6,245956.5
